PROD_CTGY,PROD_MFRR,PROD_BRND,PROD_SUB_BRND,BRAND_CODE,NOTES,NEW_IND,SALES_VOL_LATEST_YEAR
BEVERAGES,TSC,Tea,Tea_4,PLIPT-4,,,9246.64
BEVERAGES,TSC,Tea,Tea_4,PLIPT-4,,,0
BEVERAGES,TSC,Soda,Soda,PPEP-1,,,0
BEVERAGES,TSC,Tea,Tea,PLIPT-1,,,53968.62
BEVERAGES,TSC,Tea,Tea,PLIPT-1,,,1638.85
BEVERAGES,TSC,Tea,Tea_2,PLIPT-2,,,4713.98
BEVERAGES,TSC,Tea,Tea,PLIPT-1,,new,69820.95
BEVERAGES,TSC,Soda,Soda,PPEP-1,,,26694.19
BEVERAGES,TSC,Soda,Soda,PPEP-1,,,0.03
BEVERAGES,TSC,Soda,Soda_2,PPEP-2,,,37901.97
BEVERAGES,TSC,Soda,Soda_2,PPEP-2,,,679.05
BEVERAGES,TSC,Soda,Soda_2,PPEP-2,,,0
BEVERAGES,TSC,Soda,Soda_2,PPEP-2,,,0
SAVOURY_SNACKS,TSC,Nuts,Snacks_nuts,PBEN,,,1678.02
SAVOURY_SNACKS,TSC,Nuts,Snacks_nuts,PBEN,,,0
SAVOURY_SNACKS,TSC,Nuts,Snacks_nuts,PBEN,,,0
SAVOURY_SNACKS,TSC,Nuts,Nuts,PBEN,,,3285.23
SAVOURY_SNACKS,TSC,Nuts,Snacks_nuts,PBEN,,,31.63
SAVOURY_SNACKS,TSC,Nuts,Snacks_nuts,PBEN,,,0
SAVOURY_SNACKS,TSC,Nuts,Snacks_nuts,PBEN,,,44.82
SAVOURY_SNACKS,TSC,Nuts,Snacks_nuts,PBEN,,,0
SAVOURY_SNACKS,TSC,Nuts,Snacks_nuts,PBEN,,,0
SAVOURY_SNACKS,TSC,Nuts,Nuts,PBEN,,,314.53
SAVOURY_SNACKS,TSC,Nuts,Snacks_nuts,PBEN,,,0
SAVOURY_SNACKS,TSC,Nuts,Nuts,PBEN,,,0
SAVOURY_SNACKS,TSC,Nuts,Snacks_nuts,PBEN,,,0
SAVOURY_SNACKS,TSC,Nuts,Nuts,PBEN,,,0
SAVOURY_SNACKS,TSC,Nuts,Nuts,PBEN,,,0
SAVOURY_SNACKS,TSC,Nuts,Snacks_nuts,PBEN,,,0
SAVOURY_SNACKS,TSC,Nuts,Snacks_nuts,PBEN,,,0
SAVOURY_SNACKS,TSC,Nuts,Snacks_nuts,PBEN,,,8.23
SAVOURY_SNACKS,TSC,Nuts,Snacks_nuts,PBEN,,,0
SAVOURY_SNACKS,TSC,Nuts,Snacks_nuts,PBEN,,,0
SAVOURY_SNACKS,TSC,Nuts,Snacks_nuts,PBEN,,,570.89
SAVOURY_SNACKS,TSC,Nuts,Snacks_nuts,PBEN,,,0
SAVOURY_SNACKS,TSC,Nuts,Snacks_nuts,PBEN,,,0
SAVOURY_SNACKS,TSC,Nuts,Snacks_nuts,PBEN,,,2059.33
SAVOURY_SNACKS,TSC,Nuts,Snacks_nuts,PBEN,,,0
SAVOURY_SNACKS,TSC,Nuts,Snacks_nuts,PBEN,,,0
SAVOURY_SNACKS,TSC,Nuts,Snacks_nuts,PBEN,,,0
SAVOURY_SNACKS,TSC,Nuts,Snacks_nuts,PBEN,,,0
SAVOURY_SNACKS,TSC,Nuts,Snacks_nuts,PBEN,,,0
SAVOURY_SNACKS,TSC,Snacks,Snacks_nuts,PBEN,,new,0
SAVOURY_SNACKS,TSC,Snacks,Snacks_nuts,PBEN,,new,0
SAVOURY_SNACKS,TSC,Snacks,Snacks_nuts,PBEN,,new,0
SAVOURY_SNACKS,TSC,Snacks,Snacks_nuts,PBEN,,new,52.81
SAVOURY_SNACKS,TSC,Chips,Chips_D,PDOR,,,4595.04
SAVOURY_SNACKS,TSC,Chips,Chips_D,PDOR,,,0
SAVOURY_SNACKS,TSC,Chips,Chips_D,PDOR,,,0
SAVOURY_SNACKS,TSC,Chips,Chips_l4,PLAYS-4,,,9899.14
SAVOURY_SNACKS,TSC,Chips,Chips_L2,PLAYS-2,,,3885.57
SAVOURY_SNACKS,TSC,Chips,Chips_l5,PLAYS-5,,,3673.2
SAVOURY_SNACKS,TSC,Chips,Chips_l4,PLAYS-4,,,28.08
SAVOURY_SNACKS,TSC,Chips,Chips_l4,PLAYS-4,,,0
SAVOURY_SNACKS,TSC,Chips,Chips_l4,PLAYS-4,,,0
SAVOURY_SNACKS,TSC,Chips,Chips_l4,PLAYS-4,,,16.29
SAVOURY_SNACKS,TSC,Chips,Chips_l4,PLAYS-4,,,0
SAVOURY_SNACKS,TSC,Chips,Chips_l4,PLAYS-4,,,0
SAVOURY_SNACKS,TSC,Chips,Chips_l4,PLAYS-4,,,0
SAVOURY_SNACKS,TSC,Chips,Chips_l4,PLAYS-4,,,0
SAVOURY_SNACKS,TSC,Chips,Chips_l4,PLAYS-4,,,401.46
SAVOURY_SNACKS,TSC,Chips,Chips_l4,PLAYS-4,,,0
SAVOURY_SNACKS,TSC,Chips,Chips_l4,PLAYS-4,,,265.01
SAVOURY_SNACKS,TSC,Chips,Chips_l4,PLAYS-4,,,415.78
SAVOURY_SNACKS,TSC,Chips,Chips_l5,PLAYS-5,,,3636.58
SAVOURY_SNACKS,TSC,Chips,Chips_l4,PLAYS-4,,,3.74
SAVOURY_SNACKS,TSC,Chips,Chips_l4,PLAYS-4,,,0
SAVOURY_SNACKS,TSC,Chips,Chips_l4,PLAYS-4,,,0
SAVOURY_SNACKS,TSC,Chips,Chips_l4,PLAYS-4,,,0
SAVOURY_SNACKS,TSC,Chips,Chips_l4,PLAYS-4,,,0
,,,,,,,
,,,,,,,
,,,,,,,
,,,,,,,
,,,,,,,
,,,,,,,
,,,,,,,
,,,,,w,,
