[{"SOURCE":"EDW","CHANNEL":"FR ENSEIGNES HMSM","GRANULARITY":"WEEK","HIERARCHY":"ITEM","WEEK":1601164800000,"MARKET":"FRANCE","GEO_LEVEL":"FRANCE","GEO_UNIT":"FRANCE","BRAND":"Soda","SUB_BRAND":"Soda","MANUFACTURER":"TSC","CATEGORY":"BEVERAGES","SUB_CATEGORY":"BEVERAGES","SEGMENT":"CARBONATED SOFT DRINKS","SUB_SEGMENT":"LEMON \/ LIME","ITEM_ID":"P000000000000837343000000000000034963325~FR","MULTIPACK_QTY_VAL":"X1","PACKAGE_TYPE":"PLASTIC BOTTLE","SERVING_TYPE":null,"DSTRBTN_CHCKOUT_NUMRC":null,"DSTRBTN_CHCKOUT_WGHTD":null,"DSTRBTN_CHLLD_WGHTD":null,"DSTRBTN_NUMRC":0.0,"DSTRBTN_OOS_NUMRC":null,"DSTRBTN_OOS_WGHTD":null,"DSTRBTN_WGHTD":0.0,"DSTRBTN_WGHTD_ANY_PROMO":0.0,"DSTRBTN_WGHTD_DSPLY":0.0,"DSTRBTN_WTD_FEATR":null,"DSTRBTN_WGHTD_FEATR_AND_DSPLY":null,"SUM_STOR_CNT":5558.0,"SUM_SLS_UNITS":null,"SUM_SLS_VAL_LCLCCY_AMT":null,"SUM_SLS_VOL":null,"SUM_TOT_DSTRBTN_PTS":0.0,"DISTR_WTD_VOL":null,"rule_name":"value_sales_is_null","rule_result":"error"},{"SOURCE":"EDW","CHANNEL":"FR ENSEIGNES HMSM","GRANULARITY":"WEEK","HIERARCHY":"ITEM","WEEK":1569110400000,"MARKET":"FRANCE","GEO_LEVEL":"FRANCE","GEO_UNIT":"FRANCE","BRAND":"Tea","SUB_BRAND":"Tea","MANUFACTURER":"TSC","CATEGORY":"BEVERAGES","SUB_CATEGORY":"BEVERAGES","SEGMENT":"RTD TEA","SUB_SEGMENT":"SHELF STABLE TEA","ITEM_ID":"P000000000000841497000000000000026644415~FR","MULTIPACK_QTY_VAL":"X1","PACKAGE_TYPE":"PLASTIC BOTTLE","SERVING_TYPE":null,"DSTRBTN_CHCKOUT_NUMRC":null,"DSTRBTN_CHCKOUT_WGHTD":null,"DSTRBTN_CHLLD_WGHTD":null,"DSTRBTN_NUMRC":0.0,"DSTRBTN_OOS_NUMRC":null,"DSTRBTN_OOS_WGHTD":null,"DSTRBTN_WGHTD":0.0,"DSTRBTN_WGHTD_ANY_PROMO":0.0,"DSTRBTN_WGHTD_DSPLY":0.0,"DSTRBTN_WTD_FEATR":null,"DSTRBTN_WGHTD_FEATR_AND_DSPLY":null,"SUM_STOR_CNT":5583.0,"SUM_SLS_UNITS":null,"SUM_SLS_VAL_LCLCCY_AMT":null,"SUM_SLS_VOL":null,"SUM_TOT_DSTRBTN_PTS":0.0,"DISTR_WTD_VOL":null,"rule_name":"value_sales_is_null","rule_result":"error"},{"SOURCE":"EDW","CHANNEL":"FR ENSEIGNES HMSM","GRANULARITY":"WEEK","HIERARCHY":"ITEM","WEEK":1601164800000,"MARKET":"FRANCE","GEO_LEVEL":"FRANCE","GEO_UNIT":"FRANCE","BRAND":"Soda","SUB_BRAND":"Soda","MANUFACTURER":"TSC","CATEGORY":"BEVERAGES","SUB_CATEGORY":"BEVERAGES","SEGMENT":"CARBONATED SOFT DRINKS","SUB_SEGMENT":"LEMON \/ LIME","ITEM_ID":"P000000000000837343000000000000034963325~FR","MULTIPACK_QTY_VAL":"X1","PACKAGE_TYPE":"PLASTIC BOTTLE","SERVING_TYPE":null,"DSTRBTN_CHCKOUT_NUMRC":null,"DSTRBTN_CHCKOUT_WGHTD":null,"DSTRBTN_CHLLD_WGHTD":null,"DSTRBTN_NUMRC":0.0,"DSTRBTN_OOS_NUMRC":null,"DSTRBTN_OOS_WGHTD":null,"DSTRBTN_WGHTD":0.0,"DSTRBTN_WGHTD_ANY_PROMO":0.0,"DSTRBTN_WGHTD_DSPLY":0.0,"DSTRBTN_WTD_FEATR":null,"DSTRBTN_WGHTD_FEATR_AND_DSPLY":null,"SUM_STOR_CNT":5558.0,"SUM_SLS_UNITS":null,"SUM_SLS_VAL_LCLCCY_AMT":null,"SUM_SLS_VOL":null,"SUM_TOT_DSTRBTN_PTS":0.0,"DISTR_WTD_VOL":null,"rule_name":"volume_sales_is_null","rule_result":"error"},{"SOURCE":"EDW","CHANNEL":"FR ENSEIGNES HMSM","GRANULARITY":"WEEK","HIERARCHY":"ITEM","WEEK":1569110400000,"MARKET":"FRANCE","GEO_LEVEL":"FRANCE","GEO_UNIT":"FRANCE","BRAND":"Tea","SUB_BRAND":"Tea","MANUFACTURER":"TSC","CATEGORY":"BEVERAGES","SUB_CATEGORY":"BEVERAGES","SEGMENT":"RTD TEA","SUB_SEGMENT":"SHELF STABLE TEA","ITEM_ID":"P000000000000841497000000000000026644415~FR","MULTIPACK_QTY_VAL":"X1","PACKAGE_TYPE":"PLASTIC BOTTLE","SERVING_TYPE":null,"DSTRBTN_CHCKOUT_NUMRC":null,"DSTRBTN_CHCKOUT_WGHTD":null,"DSTRBTN_CHLLD_WGHTD":null,"DSTRBTN_NUMRC":0.0,"DSTRBTN_OOS_NUMRC":null,"DSTRBTN_OOS_WGHTD":null,"DSTRBTN_WGHTD":0.0,"DSTRBTN_WGHTD_ANY_PROMO":0.0,"DSTRBTN_WGHTD_DSPLY":0.0,"DSTRBTN_WTD_FEATR":null,"DSTRBTN_WGHTD_FEATR_AND_DSPLY":null,"SUM_STOR_CNT":5583.0,"SUM_SLS_UNITS":null,"SUM_SLS_VAL_LCLCCY_AMT":null,"SUM_SLS_VOL":null,"SUM_TOT_DSTRBTN_PTS":0.0,"DISTR_WTD_VOL":null,"rule_name":"volume_sales_is_null","rule_result":"error"}]