[{"SOURCE":"EDW","CHANNEL":"FR ENSEIGNES HMSM","GRANULARITY":"WEEK","HIERARCHY":"ITEM","WEEK":1584230400000,"MARKET":"FRANCE","GEO_LEVEL":"FRANCE","GEO_UNIT":"FRANCE","BRAND":"Soda","SUB_BRAND":"Soda","MANUFACTURER":"TSC","CATEGORY":"BEVERAGES","SUB_CATEGORY":"BEVERAGES","SEGMENT":"CARBONATED SOFT DRINKS","SUB_SEGMENT":"OTHER FLAVOURS","ITEM_ID":"P000000000000837343000000000000010908101~FR","MULTIPACK_QTY_VAL":"X1","PACKAGE_TYPE":"PLASTIC BOTTLE","SERVING_TYPE":null,"DSTRBTN_CHCKOUT_NUMRC":null,"DSTRBTN_CHCKOUT_WGHTD":null,"DSTRBTN_CHLLD_WGHTD":null,"DSTRBTN_NUMRC":7.0,"DSTRBTN_OOS_NUMRC":null,"DSTRBTN_OOS_WGHTD":null,"DSTRBTN_WGHTD":16.0,"DSTRBTN_WGHTD_ANY_PROMO":0.0,"DSTRBTN_WGHTD_DSPLY":0.0,"DSTRBTN_WTD_FEATR":null,"DSTRBTN_WGHTD_FEATR_AND_DSPLY":null,"SUM_STOR_CNT":5559.0,"SUM_SLS_UNITS":2.67,"SUM_SLS_VAL_LCLCCY_AMT":5.03,"SUM_SLS_VOL":5.33,"SUM_TOT_DSTRBTN_PTS":16.0,"DISTR_WTD_VOL":0.003935899,"rule_name":"duplicate","rule_result":"duplicate"}]