[
    {
        "id": 1,
        "source": "EDW",
        "channel": "FR ENSEIGNES HMSM",
        "granularity": "WEEK",
        "hierarchy": "ITEM",
        "week": "09-22-2019",
        "market": "FRANCE",
        "geo_level": "FRANCE",
        "geo_unit": "FRANCE",
        "brand": "Soda",
        "sub_brand": "Soda",
        "manufacturer": "TSC",
        "category": "BEVERAGES",
        "sub_category": "BEVERAGES",
        "segment": "CARBONATED SOFT DRINKS",
        "sub_segment": "COLA",
        "item_id": "P000000000000837343000000000000007936076~FR",
        "multipack_qty_val": "X1",
        "package_type": "PLASTIC BOTTLE",
        "dstrbtn_numrc": 25,
        "dstrbtn_wghtd": 43,
        "dstrbtn_wghtd_any_promo": 0,
        "dstrbtn_wghtd_dsply": 0,
        "sum_stor_cnt": 5583,
        "sum_sls_units": 16.36,
        "sum_sls_val_lclccy_amt": 17.57,
        "sum_sls_vol": 16.36,
        "sum_tot_dstrbtn_pts": 43,
        "distr_wtd_vol": 1.614374885,
        "version": "v1.0.0",
        "status": "Approved",
        "rule_name": "Soda",
        "rule_result": "Soda_2"
       },
       {
        "id": 2,
        "source": "EDW",
        "channel": "FR ENSEIGNES HMSM",
        "granularity": "WEEK",
        "hierarchy": "ITEM",
        "week": "05-02-2021",
        "market": "FRANCE",
        "geo_level": "FRANCE",
        "geo_unit": "FRANCE",
        "brand": "Tea",
        "sub_brand": "Tea",
        "manufacturer": "TSC",
        "category": "BEVERAGES",
        "sub_category": "BEVERAGES",
        "segment": "RTD TEA",
        "sub_segment": "SHELF STABLE TEA",
        "item_id": "P000000000000841497000000000000000220331~FR",
        "multipack_qty_val": "X6",
        "package_type": "CAN",
        "dstrbtn_numrc": 33,
        "dstrbtn_wghtd": 56,
        "dstrbtn_wghtd_any_promo": 0,
        "dstrbtn_wghtd_dsply": 0,
        "sum_stor_cnt": 5550,
        "sum_sls_units": 14.14,
        "sum_sls_val_lclccy_amt": 39.57,
        "sum_sls_vol": 28,
        "sum_tot_dstrbtn_pts": 56,
        "distr_wtd_vol": 0.073365924,
        "version": "v1.2.4",
        "status": "In Review",
        "rule_name": "Tea",
        "rule_result": "Tea_1"
       },
       {
        "id": 3,
        "source": "EDW",
        "channel": "FR ENSEIGNES HMSM",
        "granularity": "WEEK",
        "hierarchy": "ITEM",
        "week": "03-08-2020",
        "market": "FRANCE",
        "geo_level": "FRANCE",
        "geo_unit": "FRANCE",
        "brand": "Soda",
        "sub_brand": "Soda",
        "manufacturer": "TSC",
        "category": "BEVERAGES",
        "sub_category": "BEVERAGES",
        "segment": "CARBONATED SOFT DRINKS",
        "sub_segment": "OTHER FLAVOURS",
        "item_id": "P000000000000837343000000000000005611186~FR",
        "multipack_qty_val": "X1",
        "package_type": "PLASTIC BOTTLE",
        "dstrbtn_numrc": 0,
        "dstrbtn_wghtd": 0,
        "dstrbtn_wghtd_any_promo": 0,
        "dstrbtn_wghtd_dsply": 0,
        "sum_stor_cnt": 5558,
        "sum_sls_units": 0,
        "sum_sls_val_lclccy_amt": 0,
        "sum_sls_vol": 0,
        "sum_tot_dstrbtn_pts": 0,
        "distr_wtd_vol": 0,
        "version": "v1.1.2",
        "status": "Approved",
        "rule_name": "Soda",
        "rule_result": "Soda_3"
       },
       {
        "id": 4,
        "source": "EDW",
        "channel": "FR ENSEIGNES HMSM",
        "granularity": "WEEK",
        "hierarchy": "ITEM",
        "week": "09-27-2020",
        "market": "FRANCE",
        "geo_level": "FRANCE",
        "geo_unit": "FRANCE",
        "brand": "Soda",
        "sub_brand": "Soda",
        "manufacturer": "TSC",
        "category": "BEVERAGES",
        "sub_category": "BEVERAGES",
        "segment": "CARBONATED SOFT DRINKS",
        "sub_segment": "LEMON - LIME",
        "item_id": "P000000000000837343000000000000034963325~FR",
        "multipack_qty_val": "X1",
        "package_type": "PLASTIC BOTTLE",
        "dstrbtn_numrc": 0,
        "dstrbtn_wghtd": 0,
        "dstrbtn_wghtd_any_promo": 0,
        "dstrbtn_wghtd_dsply": 0,
        "sum_stor_cnt": 5558,
        "sum_tot_dstrbtn_pts": 0,
        "version": "v0.0.0",
        "status": "New",
        "rule_name": "Soda",
        "rule_result": "Soda_3"
       },
       {
        "id": 5,
        "source": "EDW",
        "channel": "FR ENSEIGNES HMSM",
        "granularity": "WEEK",
        "hierarchy": "ITEM",
        "week": "10-31-2021",
        "market": "FRANCE",
        "geo_level": "FRANCE",
        "geo_unit": "FRANCE",
        "brand": "Tea",
        "sub_brand": "Tea_2",
        "manufacturer": "TSC",
        "category": "BEVERAGES",
        "sub_category": "BEVERAGES",
        "segment": "RTD TEA",
        "sub_segment": "SHELF STABLE TEA",
        "item_id": "P000000000000841497000000000000042734989~FR",
        "multipack_qty_val": "X1",
        "package_type": "PLASTIC BOTTLE",
        "dstrbtn_numrc": 51,
        "dstrbtn_wghtd": 71,
        "dstrbtn_wghtd_any_promo": 1,
        "dstrbtn_wghtd_dsply": 1,
        "sum_stor_cnt": 5547,
        "sum_sls_units": 12.39,
        "sum_sls_val_lclccy_amt": 18.98,
        "sum_sls_vol": 12.39,
        "sum_tot_dstrbtn_pts": 71,
        "distr_wtd_vol": 12.07370299,
        "version": "v0.0.0",
        "status": "New",
        "rule_name": "Tea",
        "rule_result": "Tea_3"
       }
]