[{"sub_brand_id":1,"sub_brand":"Soda","brand_id":2,"brand_code":"PPEP-1"},{"sub_brand_id":2,"sub_brand":"Soda","brand_id":2,"brand_code":"PPEP-1"},{"sub_brand_id":3,"sub_brand":"Soda","brand_id":2,"brand_code":"PPEP-1"},{"sub_brand_id":4,"sub_brand":"Soda","brand_id":2,"brand_code":"PPEP-1"},{"sub_brand_id":5,"sub_brand":"Soda","brand_id":2,"brand_code":"PPEP-1"},{"sub_brand_id":6,"sub_brand":"Soda","brand_id":2,"brand_code":"PPEP-1"},{"sub_brand_id":7,"sub_brand":"Soda","brand_id":2,"brand_code":"PPEP-1"},{"sub_brand_id":8,"sub_brand":"Soda","brand_id":2,"brand_code":"PPEP-1"},{"sub_brand_id":9,"sub_brand":"Soda","brand_id":2,"brand_code":"PPEP-1"},{"sub_brand_id":10,"sub_brand":"Soda","brand_id":2,"brand_code":"PPEP-1"},{"sub_brand_id":11,"sub_brand":"Soda","brand_id":2,"brand_code":"PPEP-1"},{"sub_brand_id":12,"sub_brand":"Soda","brand_id":2,"brand_code":"PPEP-1"},{"sub_brand_id":13,"sub_brand":"Soda","brand_id":2,"brand_code":"PPEP-1"},{"sub_brand_id":14,"sub_brand":"Soda","brand_id":2,"brand_code":"PPEP-1"},{"sub_brand_id":15,"sub_brand":"Soda","brand_id":2,"brand_code":"PPEP-1"},{"sub_brand_id":16,"sub_brand":"Soda","brand_id":2,"brand_code":"PPEP-1"},{"sub_brand_id":17,"sub_brand":"Soda","brand_id":2,"brand_code":"PPEP-1"},{"sub_brand_id":18,"sub_brand":"Soda","brand_id":2,"brand_code":"PPEP-1"},{"sub_brand_id":19,"sub_brand":"Soda","brand_id":2,"brand_code":"PPEP-1"},{"sub_brand_id":20,"sub_brand":"Soda","brand_id":2,"brand_code":"PPEP-1"},{"sub_brand_id":21,"sub_brand":"Soda","brand_id":2,"brand_code":"PPEP-1"},{"sub_brand_id":22,"sub_brand":"Soda","brand_id":2,"brand_code":"PPEP-1"},{"sub_brand_id":23,"sub_brand":"Soda","brand_id":2,"brand_code":"PPEP-1"},{"sub_brand_id":24,"sub_brand":"Soda","brand_id":2,"brand_code":"PPEP-1"},{"sub_brand_id":25,"sub_brand":"Soda","brand_id":2,"brand_code":"PPEP-1"},{"sub_brand_id":26,"sub_brand":"Soda","brand_id":2,"brand_code":"PPEP-1"},{"sub_brand_id":27,"sub_brand":"Soda","brand_id":2,"brand_code":"PPEP-1"},{"sub_brand_id":28,"sub_brand":"Soda","brand_id":2,"brand_code":"PPEP-1"},{"sub_brand_id":29,"sub_brand":"Soda","brand_id":2,"brand_code":"PPEP-1"},{"sub_brand_id":30,"sub_brand":"Soda","brand_id":2,"brand_code":"PPEP-1"},{"sub_brand_id":31,"sub_brand":"Soda","brand_id":2,"brand_code":"PPEP-1"},{"sub_brand_id":32,"sub_brand":"Soda","brand_id":2,"brand_code":"PPEP-1"},{"sub_brand_id":33,"sub_brand":"Soda","brand_id":2,"brand_code":"PPEP-1"},{"sub_brand_id":34,"sub_brand":"Soda","brand_id":2,"brand_code":"PPEP-1"},{"sub_brand_id":35,"sub_brand":"Soda","brand_id":2,"brand_code":"PPEP-1"},{"sub_brand_id":36,"sub_brand":"Soda","brand_id":2,"brand_code":"PPEP-1"},{"sub_brand_id":37,"sub_brand":"Soda","brand_id":2,"brand_code":"PPEP-1"},{"sub_brand_id":38,"sub_brand":"Soda","brand_id":2,"brand_code":"PPEP-1"},{"sub_brand_id":39,"sub_brand":"Soda","brand_id":2,"brand_code":"PPEP-1"},{"sub_brand_id":40,"sub_brand":"Soda","brand_id":2,"brand_code":"PPEP-1"},{"sub_brand_id":41,"sub_brand":"Soda","brand_id":2,"brand_code":"PPEP-1"},{"sub_brand_id":42,"sub_brand":"Soda","brand_id":2,"brand_code":"PPEP-1"},{"sub_brand_id":43,"sub_brand":"Soda","brand_id":2,"brand_code":"PPEP-1"},{"sub_brand_id":44,"sub_brand":"Soda","brand_id":2,"brand_code":"PPEP-1"},{"sub_brand_id":45,"sub_brand":"Soda","brand_id":2,"brand_code":"PPEP-1"},{"sub_brand_id":46,"sub_brand":"Soda","brand_id":2,"brand_code":"PPEP-1"},{"sub_brand_id":47,"sub_brand":"Soda","brand_id":2,"brand_code":"PPEP-1"},{"sub_brand_id":48,"sub_brand":"Soda","brand_id":2,"brand_code":"PPEP-1"},{"sub_brand_id":49,"sub_brand":"Soda","brand_id":2,"brand_code":"PPEP-1"},{"sub_brand_id":50,"sub_brand":"Soda","brand_id":2,"brand_code":"PPEP-1"},{"sub_brand_id":51,"sub_brand":"Soda","brand_id":2,"brand_code":"PPEP-1"},{"sub_brand_id":52,"sub_brand":"Tea","brand_id":1,"brand_code":"PLIPT-1"},{"sub_brand_id":53,"sub_brand":"Tea","brand_id":1,"brand_code":"PLIPT-1"},{"sub_brand_id":54,"sub_brand":"Tea","brand_id":1,"brand_code":"PLIPT-1"},{"sub_brand_id":55,"sub_brand":"Tea","brand_id":1,"brand_code":"PLIPT-1"},{"sub_brand_id":56,"sub_brand":"Tea","brand_id":1,"brand_code":"PLIPT-1"},{"sub_brand_id":57,"sub_brand":"Tea","brand_id":1,"brand_code":"PLIPT-1"},{"sub_brand_id":58,"sub_brand":"Tea","brand_id":1,"brand_code":"PLIPT-1"},{"sub_brand_id":59,"sub_brand":"Tea","brand_id":1,"brand_code":"PLIPT-1"},{"sub_brand_id":60,"sub_brand":"Tea","brand_id":1,"brand_code":"PLIPT-1"},{"sub_brand_id":61,"sub_brand":"Tea","brand_id":1,"brand_code":"PLIPT-1"},{"sub_brand_id":62,"sub_brand":"Tea","brand_id":1,"brand_code":"PLIPT-1"},{"sub_brand_id":63,"sub_brand":"Tea","brand_id":1,"brand_code":"PLIPT-1"},{"sub_brand_id":64,"sub_brand":"Tea","brand_id":1,"brand_code":"PLIPT-1"},{"sub_brand_id":65,"sub_brand":"Tea","brand_id":1,"brand_code":"PLIPT-1"},{"sub_brand_id":66,"sub_brand":"Tea","brand_id":1,"brand_code":"PLIPT-1"},{"sub_brand_id":67,"sub_brand":"Tea","brand_id":1,"brand_code":"PLIPT-1"},{"sub_brand_id":68,"sub_brand":"Tea","brand_id":1,"brand_code":"PLIPT-1"},{"sub_brand_id":69,"sub_brand":"Tea","brand_id":1,"brand_code":"PLIPT-1"},{"sub_brand_id":70,"sub_brand":"Tea","brand_id":1,"brand_code":"PLIPT-1"},{"sub_brand_id":71,"sub_brand":"Tea","brand_id":1,"brand_code":"PLIPT-1"},{"sub_brand_id":72,"sub_brand":"Tea","brand_id":1,"brand_code":"PLIPT-1"},{"sub_brand_id":73,"sub_brand":"Tea","brand_id":1,"brand_code":"PLIPT-1"},{"sub_brand_id":74,"sub_brand":"Tea","brand_id":1,"brand_code":"PLIPT-1"},{"sub_brand_id":75,"sub_brand":"Tea","brand_id":1,"brand_code":"PLIPT-1"},{"sub_brand_id":76,"sub_brand":"Tea","brand_id":1,"brand_code":"PLIPT-1"},{"sub_brand_id":77,"sub_brand":"Tea","brand_id":1,"brand_code":"PLIPT-1"},{"sub_brand_id":78,"sub_brand":"Tea","brand_id":1,"brand_code":"PLIPT-1"},{"sub_brand_id":79,"sub_brand":"Tea","brand_id":1,"brand_code":"PLIPT-1"},{"sub_brand_id":80,"sub_brand":"Tea","brand_id":1,"brand_code":"PLIPT-1"},{"sub_brand_id":81,"sub_brand":"Tea","brand_id":1,"brand_code":"PLIPT-1"},{"sub_brand_id":82,"sub_brand":"Tea_2","brand_id":1,"brand_code":"PLIPT-2"}]