[{"sub_category":"BEVERAGES","category":"BEVERAGES"},{"sub_category":"BEVERAGES","category":"BEVERAGES"},{"sub_category":"BEVERAGES","category":"BEVERAGES"},{"sub_category":"BEVERAGES","category":"BEVERAGES"},{"sub_category":"BEVERAGES","category":"BEVERAGES"},{"sub_category":"BEVERAGES","category":"BEVERAGES"},{"sub_category":"BEVERAGES","category":"BEVERAGES"},{"sub_category":"BEVERAGES","category":"BEVERAGES"},{"sub_category":"BEVERAGES","category":"BEVERAGES"},{"sub_category":"BEVERAGES","category":"BEVERAGES"},{"sub_category":"BEVERAGES","category":"BEVERAGES"},{"sub_category":"BEVERAGES","category":"BEVERAGES"},{"sub_category":"BEVERAGES","category":"BEVERAGES"},{"sub_category":"BEVERAGES","category":"BEVERAGES"},{"sub_category":"BEVERAGES","category":"BEVERAGES"},{"sub_category":"BEVERAGES","category":"BEVERAGES"},{"sub_category":"BEVERAGES","category":"BEVERAGES"},{"sub_category":"BEVERAGES","category":"BEVERAGES"},{"sub_category":"BEVERAGES","category":"BEVERAGES"},{"sub_category":"BEVERAGES","category":"BEVERAGES"},{"sub_category":"BEVERAGES","category":"BEVERAGES"},{"sub_category":"BEVERAGES","category":"BEVERAGES"},{"sub_category":"BEVERAGES","category":"BEVERAGES"},{"sub_category":"BEVERAGES","category":"BEVERAGES"},{"sub_category":"BEVERAGES","category":"BEVERAGES"},{"sub_category":"BEVERAGES","category":"BEVERAGES"},{"sub_category":"BEVERAGES","category":"BEVERAGES"},{"sub_category":"BEVERAGES","category":"BEVERAGES"},{"sub_category":"BEVERAGES","category":"BEVERAGES"},{"sub_category":"BEVERAGES","category":"BEVERAGES"},{"sub_category":"BEVERAGES","category":"BEVERAGES"},{"sub_category":"BEVERAGES","category":"BEVERAGES"},{"sub_category":"BEVERAGES","category":"BEVERAGES"},{"sub_category":"BEVERAGES","category":"BEVERAGES"},{"sub_category":"BEVERAGES","category":"BEVERAGES"},{"sub_category":"BEVERAGES","category":"BEVERAGES"},{"sub_category":"BEVERAGES","category":"BEVERAGES"},{"sub_category":"BEVERAGES","category":"BEVERAGES"},{"sub_category":"BEVERAGES","category":"BEVERAGES"},{"sub_category":"BEVERAGES","category":"BEVERAGES"},{"sub_category":"BEVERAGES","category":"BEVERAGES"},{"sub_category":"BEVERAGES","category":"BEVERAGES"},{"sub_category":"BEVERAGES","category":"BEVERAGES"},{"sub_category":"BEVERAGES","category":"BEVERAGES"},{"sub_category":"BEVERAGES","category":"BEVERAGES"},{"sub_category":"BEVERAGES","category":"BEVERAGES"},{"sub_category":"BEVERAGES","category":"BEVERAGES"},{"sub_category":"BEVERAGES","category":"BEVERAGES"},{"sub_category":"BEVERAGES","category":"BEVERAGES"},{"sub_category":"BEVERAGES","category":"BEVERAGES"},{"sub_category":"BEVERAGES","category":"BEVERAGES"},{"sub_category":"BEVERAGES","category":"BEVERAGES"},{"sub_category":"BEVERAGES","category":"BEVERAGES"},{"sub_category":"BEVERAGES","category":"BEVERAGES"},{"sub_category":"BEVERAGES","category":"BEVERAGES"},{"sub_category":"BEVERAGES","category":"BEVERAGES"},{"sub_category":"BEVERAGES","category":"BEVERAGES"},{"sub_category":"BEVERAGES","category":"BEVERAGES"},{"sub_category":"BEVERAGES","category":"BEVERAGES"},{"sub_category":"BEVERAGES","category":"BEVERAGES"},{"sub_category":"BEVERAGES","category":"BEVERAGES"},{"sub_category":"BEVERAGES","category":"BEVERAGES"},{"sub_category":"BEVERAGES","category":"BEVERAGES"},{"sub_category":"BEVERAGES","category":"BEVERAGES"},{"sub_category":"BEVERAGES","category":"BEVERAGES"},{"sub_category":"BEVERAGES","category":"BEVERAGES"},{"sub_category":"BEVERAGES","category":"BEVERAGES"},{"sub_category":"BEVERAGES","category":"BEVERAGES"},{"sub_category":"BEVERAGES","category":"BEVERAGES"},{"sub_category":"BEVERAGES","category":"BEVERAGES"},{"sub_category":"BEVERAGES","category":"BEVERAGES"},{"sub_category":"BEVERAGES","category":"BEVERAGES"},{"sub_category":"BEVERAGES","category":"BEVERAGES"},{"sub_category":"BEVERAGES","category":"BEVERAGES"},{"sub_category":"BEVERAGES","category":"BEVERAGES"},{"sub_category":"BEVERAGES","category":"BEVERAGES"},{"sub_category":"BEVERAGES","category":"BEVERAGES"},{"sub_category":"BEVERAGES","category":"BEVERAGES"},{"sub_category":"BEVERAGES","category":"BEVERAGES"},{"sub_category":"BEVERAGES","category":"BEVERAGES"},{"sub_category":"BEVERAGES","category":"BEVERAGES"},{"sub_category":"BEVERAGES","category":"BEVERAGES"}]