[{"sub_seg_id":1,"sub_segment":"COLA","seg_id":2},{"sub_seg_id":2,"sub_segment":"COLA","seg_id":2},{"sub_seg_id":3,"sub_segment":"COLA","seg_id":2},{"sub_seg_id":4,"sub_segment":"OTHER FLAVOURS","seg_id":2},{"sub_seg_id":5,"sub_segment":"OTHER FLAVOURS","seg_id":2},{"sub_seg_id":6,"sub_segment":"OTHER FLAVOURS","seg_id":2},{"sub_seg_id":7,"sub_segment":"LEMON \/ LIME","seg_id":2},{"sub_seg_id":8,"sub_segment":"LEMON \/ LIME","seg_id":2},{"sub_seg_id":9,"sub_segment":"LEMON \/ LIME","seg_id":2},{"sub_seg_id":10,"sub_segment":"LEMON \/ LIME","seg_id":2},{"sub_seg_id":11,"sub_segment":"LEMON \/ LIME","seg_id":2},{"sub_seg_id":12,"sub_segment":"LEMON \/ LIME","seg_id":2},{"sub_seg_id":13,"sub_segment":"COLA","seg_id":2},{"sub_seg_id":14,"sub_segment":"COLA","seg_id":2},{"sub_seg_id":15,"sub_segment":"COLA","seg_id":2},{"sub_seg_id":16,"sub_segment":"LEMON \/ LIME","seg_id":2},{"sub_seg_id":17,"sub_segment":"LEMON \/ LIME","seg_id":2},{"sub_seg_id":18,"sub_segment":"LEMON \/ LIME","seg_id":2},{"sub_seg_id":19,"sub_segment":"LEMON \/ LIME","seg_id":2},{"sub_seg_id":20,"sub_segment":"LEMON \/ LIME","seg_id":2},{"sub_seg_id":21,"sub_segment":"LEMON \/ LIME","seg_id":2},{"sub_seg_id":22,"sub_segment":"LEMON \/ LIME","seg_id":2},{"sub_seg_id":23,"sub_segment":"LEMON \/ LIME","seg_id":2},{"sub_seg_id":24,"sub_segment":"LEMON \/ LIME","seg_id":2},{"sub_seg_id":25,"sub_segment":"COLA","seg_id":2},{"sub_seg_id":26,"sub_segment":"COLA","seg_id":2},{"sub_seg_id":27,"sub_segment":"COLA","seg_id":2},{"sub_seg_id":28,"sub_segment":"LEMON \/ LIME","seg_id":2},{"sub_seg_id":29,"sub_segment":"LEMON \/ LIME","seg_id":2},{"sub_seg_id":30,"sub_segment":"LEMON \/ LIME","seg_id":2},{"sub_seg_id":31,"sub_segment":"LEMON \/ LIME","seg_id":2},{"sub_seg_id":32,"sub_segment":"LEMON \/ LIME","seg_id":2},{"sub_seg_id":33,"sub_segment":"LEMON \/ LIME","seg_id":2},{"sub_seg_id":34,"sub_segment":"OTHER FLAVOURS","seg_id":2},{"sub_seg_id":35,"sub_segment":"OTHER FLAVOURS","seg_id":2},{"sub_seg_id":36,"sub_segment":"OTHER FLAVOURS","seg_id":2},{"sub_seg_id":37,"sub_segment":"LIQUID","seg_id":4},{"sub_seg_id":38,"sub_segment":"LIQUID","seg_id":4},{"sub_seg_id":39,"sub_segment":"LIQUID","seg_id":4},{"sub_seg_id":40,"sub_segment":"LIQUID","seg_id":4},{"sub_seg_id":41,"sub_segment":"LIQUID","seg_id":4},{"sub_seg_id":42,"sub_segment":"LIQUID","seg_id":4},{"sub_seg_id":43,"sub_segment":"LIQUID","seg_id":4},{"sub_seg_id":44,"sub_segment":"LIQUID","seg_id":4},{"sub_seg_id":45,"sub_segment":"LIQUID","seg_id":4},{"sub_seg_id":46,"sub_segment":"LIQUID","seg_id":4},{"sub_seg_id":47,"sub_segment":"LIQUID","seg_id":4},{"sub_seg_id":48,"sub_segment":"LIQUID","seg_id":4},{"sub_seg_id":49,"sub_segment":"SPORTS DRINKS","seg_id":3},{"sub_seg_id":50,"sub_segment":"SPORTS DRINKS","seg_id":3},{"sub_seg_id":51,"sub_segment":"SPORTS DRINKS","seg_id":3},{"sub_seg_id":52,"sub_segment":"SHELF STABLE TEA","seg_id":1},{"sub_seg_id":53,"sub_segment":"SHELF STABLE TEA","seg_id":1},{"sub_seg_id":54,"sub_segment":"SHELF STABLE TEA","seg_id":1},{"sub_seg_id":55,"sub_segment":"SHELF STABLE TEA","seg_id":1},{"sub_seg_id":56,"sub_segment":"SHELF STABLE TEA","seg_id":1},{"sub_seg_id":57,"sub_segment":"SHELF STABLE TEA","seg_id":1},{"sub_seg_id":58,"sub_segment":"SHELF STABLE TEA","seg_id":1},{"sub_seg_id":59,"sub_segment":"SHELF STABLE TEA","seg_id":1},{"sub_seg_id":60,"sub_segment":"SHELF STABLE TEA","seg_id":1},{"sub_seg_id":61,"sub_segment":"SHELF STABLE TEA","seg_id":1},{"sub_seg_id":62,"sub_segment":"SHELF STABLE TEA","seg_id":1},{"sub_seg_id":63,"sub_segment":"SHELF STABLE TEA","seg_id":1},{"sub_seg_id":64,"sub_segment":"SHELF STABLE TEA","seg_id":1},{"sub_seg_id":65,"sub_segment":"SHELF STABLE TEA","seg_id":1},{"sub_seg_id":66,"sub_segment":"SHELF STABLE TEA","seg_id":1},{"sub_seg_id":67,"sub_segment":"SHELF STABLE TEA","seg_id":1},{"sub_seg_id":68,"sub_segment":"SHELF STABLE TEA","seg_id":1},{"sub_seg_id":69,"sub_segment":"SHELF STABLE TEA","seg_id":1},{"sub_seg_id":70,"sub_segment":"SHELF STABLE TEA","seg_id":1},{"sub_seg_id":71,"sub_segment":"SHELF STABLE TEA","seg_id":1},{"sub_seg_id":72,"sub_segment":"SHELF STABLE TEA","seg_id":1},{"sub_seg_id":73,"sub_segment":"SHELF STABLE TEA","seg_id":1},{"sub_seg_id":74,"sub_segment":"SHELF STABLE TEA","seg_id":1},{"sub_seg_id":75,"sub_segment":"SHELF STABLE TEA","seg_id":1},{"sub_seg_id":76,"sub_segment":"SHELF STABLE TEA","seg_id":1},{"sub_seg_id":77,"sub_segment":"SHELF STABLE TEA","seg_id":1},{"sub_seg_id":78,"sub_segment":"SHELF STABLE TEA","seg_id":1},{"sub_seg_id":79,"sub_segment":"SHELF STABLE TEA","seg_id":1},{"sub_seg_id":80,"sub_segment":"SHELF STABLE TEA","seg_id":1},{"sub_seg_id":81,"sub_segment":"SHELF STABLE TEA","seg_id":1},{"sub_seg_id":82,"sub_segment":"SHELF STABLE TEA","seg_id":1}]