[
    {
        "SOURCE": "EDW",
        "CHANNEL": "FR ENSEIGNES HMSM",
        "GRANULARITY": "WEEK",
        "HIERARCHY": "ITEM",
        "WEEK": "09\/22\/2019",
        "MARKET": "FRANCE",
        "GEO_LEVEL": "FRANCE",
        "GEO_UNIT": "FRANCE",
        "BRAND": "Soda",
        "SUB_BRAND": "Soda",
        "MANUFACTURER": "TSC",
        "CATEGORY": "BEVERAGES",
        "SUB_CATEGORY": "BEVERAGES",
        "SEGMENT": "CARBONATED SOFT DRINKS",
        "SUB_SEGMENT": "COLA",
        "ITEM_ID": "P000000000000837343000000000000007936076~FR",
        "MULTIPACK_QTY_VAL": "X1",
        "PACKAGE_TYPE": "PLASTIC BOTTLE",
        "DSTRBTN_NUMRC": 25,
        "DSTRBTN_WGHTD": 43,
        "DSTRBTN_WGHTD_ANY_PROMO": 0,
        "DSTRBTN_WGHTD_DSPLY": 0,
        "SUM_STOR_CNT": 5583,
        "SUM_SLS_UNITS": 16.36,
        "SUM_SLS_VAL_LCLCCY_AMT": 17.57,
        "SUM_SLS_VOL": 16.36,
        "SUM_TOT_DSTRBTN_PTS": 43,
        "DISTR_WTD_VOL": 1.614374885
    },
    {
        "SOURCE": "EDW",
        "CHANNEL": "FR ENSEIGNES HMSM",
        "GRANULARITY": "WEEK",
        "HIERARCHY": "ITEM",
        "WEEK": "05\/02\/2021",
        "MARKET": "FRANCE",
        "GEO_LEVEL": "FRANCE",
        "GEO_UNIT": "FRANCE",
        "BRAND": "Tea",
        "SUB_BRAND": "Tea",
        "MANUFACTURER": "TSC",
        "CATEGORY": "BEVERAGES",
        "SUB_CATEGORY": "BEVERAGES",
        "SEGMENT": "RTD TEA",
        "SUB_SEGMENT": "SHELF STABLE TEA",
        "ITEM_ID": "P000000000000841497000000000000000220331~FR",
        "MULTIPACK_QTY_VAL": "X6",
        "PACKAGE_TYPE": "CAN",
        "DSTRBTN_NUMRC": 33,
        "DSTRBTN_WGHTD": 56,
        "DSTRBTN_WGHTD_ANY_PROMO": 0,
        "DSTRBTN_WGHTD_DSPLY": 0,
        "SUM_STOR_CNT": 5550,
        "SUM_SLS_UNITS": 14.14,
        "SUM_SLS_VAL_LCLCCY_AMT": 39.57,
        "SUM_SLS_VOL": 28,
        "SUM_TOT_DSTRBTN_PTS": 56,
        "DISTR_WTD_VOL": 0.073365924
    },
    {
        "SOURCE": "EDW",
        "CHANNEL": "FR ENSEIGNES HMSM",
        "GRANULARITY": "WEEK",
        "HIERARCHY": "ITEM",
        "WEEK": "03\/08\/2020",
        "MARKET": "FRANCE",
        "GEO_LEVEL": "FRANCE",
        "GEO_UNIT": "FRANCE",
        "BRAND": "Soda",
        "SUB_BRAND": "Soda",
        "MANUFACTURER": "TSC",
        "CATEGORY": "BEVERAGES",
        "SUB_CATEGORY": "BEVERAGES",
        "SEGMENT": "CARBONATED SOFT DRINKS",
        "SUB_SEGMENT": "OTHER FLAVOURS",
        "ITEM_ID": "P000000000000837343000000000000005611186~FR",
        "MULTIPACK_QTY_VAL": "X1",
        "PACKAGE_TYPE": "PLASTIC BOTTLE",
        "DSTRBTN_NUMRC": 0,
        "DSTRBTN_WGHTD": 0,
        "DSTRBTN_WGHTD_ANY_PROMO": 0,
        "DSTRBTN_WGHTD_DSPLY": 0,
        "SUM_STOR_CNT": 5558,
        "SUM_SLS_UNITS": 0,
        "SUM_SLS_VAL_LCLCCY_AMT": 0,
        "SUM_SLS_VOL": 0,
        "SUM_TOT_DSTRBTN_PTS": 0,
        "DISTR_WTD_VOL": 0
    },
    {
        "SOURCE": "EDW",
        "CHANNEL": "FR ENSEIGNES HMSM",
        "GRANULARITY": "WEEK",
        "HIERARCHY": "ITEM",
        "WEEK": "09\/27\/2020",
        "MARKET": "FRANCE",
        "GEO_LEVEL": "FRANCE",
        "GEO_UNIT": "FRANCE",
        "BRAND": "Soda",
        "SUB_BRAND": "Soda",
        "MANUFACTURER": "TSC",
        "CATEGORY": "BEVERAGES",
        "SUB_CATEGORY": "BEVERAGES",
        "SEGMENT": "CARBONATED SOFT DRINKS",
        "SUB_SEGMENT": "LEMON \/ LIME",
        "ITEM_ID": "P000000000000837343000000000000034963325~FR",
        "MULTIPACK_QTY_VAL": "X1",
        "PACKAGE_TYPE": "PLASTIC BOTTLE",
        "DSTRBTN_NUMRC": 0,
        "DSTRBTN_WGHTD": 0,
        "DSTRBTN_WGHTD_ANY_PROMO": 0,
        "DSTRBTN_WGHTD_DSPLY": 0,
        "SUM_STOR_CNT": 5558,
        "SUM_TOT_DSTRBTN_PTS": 0
    },
    {
        "SOURCE": "EDW",
        "CHANNEL": "FR ENSEIGNES HMSM",
        "GRANULARITY": "WEEK",
        "HIERARCHY": "ITEM",
        "WEEK": "10\/31\/2021",
        "MARKET": "FRANCE",
        "GEO_LEVEL": "FRANCE",
        "GEO_UNIT": "FRANCE",
        "BRAND": "Tea",
        "SUB_BRAND": "Tea_2",
        "MANUFACTURER": "TSC",
        "CATEGORY": "BEVERAGES",
        "SUB_CATEGORY": "BEVERAGES",
        "SEGMENT": "RTD TEA",
        "SUB_SEGMENT": "SHELF STABLE TEA",
        "ITEM_ID": "P000000000000841497000000000000042734989~FR",
        "MULTIPACK_QTY_VAL": "X1",
        "PACKAGE_TYPE": "PLASTIC BOTTLE",
        "DSTRBTN_NUMRC": 51,
        "DSTRBTN_WGHTD": 71,
        "DSTRBTN_WGHTD_ANY_PROMO": 1,
        "DSTRBTN_WGHTD_DSPLY": 1,
        "SUM_STOR_CNT": 5547,
        "SUM_SLS_UNITS": 12.39,
        "SUM_SLS_VAL_LCLCCY_AMT": 18.98,
        "SUM_SLS_VOL": 12.39,
        "SUM_TOT_DSTRBTN_PTS": 71,
        "DISTR_WTD_VOL": 12.07370299
    },
    {
        "SOURCE": "EDW",
        "CHANNEL": "FR ENSEIGNES HMSM",
        "GRANULARITY": "WEEK",
        "HIERARCHY": "ITEM",
        "WEEK": "05\/02\/2021",
        "MARKET": "FRANCE",
        "GEO_LEVEL": "FRANCE",
        "GEO_UNIT": "FRANCE",
        "BRAND": "Tea",
        "SUB_BRAND": "Tea",
        "MANUFACTURER": "TSC",
        "CATEGORY": "BEVERAGES",
        "SUB_CATEGORY": "BEVERAGES",
        "SEGMENT": "RTD TEA",
        "SUB_SEGMENT": "SHELF STABLE TEA",
        "ITEM_ID": "P000000000000841497000000000000049686231~FR",
        "MULTIPACK_QTY_VAL": "X1",
        "PACKAGE_TYPE": "PLASTIC BOTTLE",
        "DSTRBTN_NUMRC": 5,
        "DSTRBTN_WGHTD": 11,
        "DSTRBTN_WGHTD_ANY_PROMO": 1,
        "DSTRBTN_WGHTD_DSPLY": 1,
        "SUM_STOR_CNT": 5550,
        "SUM_SLS_UNITS": 0.7,
        "SUM_SLS_VAL_LCLCCY_AMT": 1.16,
        "SUM_SLS_VOL": 0.23,
        "SUM_TOT_DSTRBTN_PTS": 11,
        "DISTR_WTD_VOL": 0.000118377
    },
    {
        "SOURCE": "EDW",
        "CHANNEL": "FR ENSEIGNES HMSM",
        "GRANULARITY": "WEEK",
        "HIERARCHY": "ITEM",
        "WEEK": "10\/31\/2021",
        "MARKET": "FRANCE",
        "GEO_LEVEL": "FRANCE",
        "GEO_UNIT": "FRANCE",
        "BRAND": "Soda",
        "SUB_BRAND": "Soda",
        "MANUFACTURER": "TSC",
        "CATEGORY": "BEVERAGES",
        "SUB_CATEGORY": "BEVERAGES",
        "SEGMENT": "CONCENTRATES",
        "SUB_SEGMENT": "LIQUID",
        "ITEM_ID": "P000000000000798386000000000000023159714~FR",
        "MULTIPACK_QTY_VAL": "X1",
        "PACKAGE_TYPE": "PLASTIC BOTTLE",
        "DSTRBTN_NUMRC": 29,
        "DSTRBTN_WGHTD": 52,
        "DSTRBTN_WGHTD_ANY_PROMO": 3,
        "DSTRBTN_WGHTD_DSPLY": 3,
        "SUM_STOR_CNT": 5547,
        "SUM_SLS_UNITS": 3.74,
        "SUM_SLS_VAL_LCLCCY_AMT": 18.92,
        "SUM_SLS_VOL": 1.87,
        "SUM_TOT_DSTRBTN_PTS": 52,
        "DISTR_WTD_VOL": 0.004460624
    },
    {
        "SOURCE": "EDW",
        "CHANNEL": "FR ENSEIGNES HMSM",
        "GRANULARITY": "WEEK",
        "HIERARCHY": "ITEM",
        "WEEK": "11\/03\/2019",
        "MARKET": "FRANCE",
        "GEO_LEVEL": "FRANCE",
        "GEO_UNIT": "FRANCE",
        "BRAND": "Soda",
        "SUB_BRAND": "Soda",
        "MANUFACTURER": "TSC",
        "CATEGORY": "BEVERAGES",
        "SUB_CATEGORY": "BEVERAGES",
        "SEGMENT": "CARBONATED SOFT DRINKS",
        "SUB_SEGMENT": "LEMON \/ LIME",
        "ITEM_ID": "P000000000000837343000000000000001405911~FR",
        "MULTIPACK_QTY_VAL": "X1",
        "PACKAGE_TYPE": "CAN",
        "DSTRBTN_NUMRC": 0,
        "DSTRBTN_WGHTD": 0,
        "DSTRBTN_WGHTD_ANY_PROMO": 0,
        "DSTRBTN_WGHTD_DSPLY": 0,
        "SUM_STOR_CNT": 5586,
        "SUM_SLS_UNITS": 0,
        "SUM_SLS_VAL_LCLCCY_AMT": 0,
        "SUM_SLS_VOL": 0,
        "SUM_TOT_DSTRBTN_PTS": 0,
        "DISTR_WTD_VOL": 0
    },
    {
        "SOURCE": "EDW",
        "CHANNEL": "FR ENSEIGNES HMSM",
        "GRANULARITY": "WEEK",
        "HIERARCHY": "ITEM",
        "WEEK": "10\/03\/2021",
        "MARKET": "FRANCE",
        "GEO_LEVEL": "FRANCE",
        "GEO_UNIT": "FRANCE",
        "BRAND": "Soda",
        "SUB_BRAND": "Soda",
        "MANUFACTURER": "TSC",
        "CATEGORY": "BEVERAGES",
        "SUB_CATEGORY": "BEVERAGES",
        "SEGMENT": "CARBONATED SOFT DRINKS",
        "SUB_SEGMENT": "COLA",
        "ITEM_ID": "P000000000000837343000000000000061910826~FR",
        "MULTIPACK_QTY_VAL": "X8",
        "PACKAGE_TYPE": "CAN",
        "DSTRBTN_NUMRC": 5,
        "DSTRBTN_WGHTD": 8,
        "DSTRBTN_WGHTD_ANY_PROMO": 8,
        "DSTRBTN_WGHTD_DSPLY": 2,
        "SUM_STOR_CNT": 5541,
        "SUM_SLS_UNITS": 3.42,
        "SUM_SLS_VAL_LCLCCY_AMT": 9.85,
        "SUM_SLS_VOL": 9.03,
        "SUM_TOT_DSTRBTN_PTS": 8,
        "DISTR_WTD_VOL": 0.166325145
    },
    {
        "SOURCE": "EDW",
        "CHANNEL": "FR ENSEIGNES HMSM",
        "GRANULARITY": "WEEK",
        "HIERARCHY": "ITEM",
        "WEEK": "04\/04\/2021",
        "MARKET": "FRANCE",
        "GEO_LEVEL": "FRANCE",
        "GEO_UNIT": "FRANCE",
        "BRAND": "Soda",
        "SUB_BRAND": "Soda",
        "MANUFACTURER": "TSC",
        "CATEGORY": "BEVERAGES",
        "SUB_CATEGORY": "BEVERAGES",
        "SEGMENT": "CARBONATED SOFT DRINKS",
        "SUB_SEGMENT": "LEMON \/ LIME",
        "ITEM_ID": "P000000000000837343000000000000041275245~FR",
        "MULTIPACK_QTY_VAL": "X1",
        "PACKAGE_TYPE": "PLASTIC BOTTLE",
        "DSTRBTN_NUMRC": 23,
        "DSTRBTN_WGHTD": 39,
        "DSTRBTN_WGHTD_ANY_PROMO": 0,
        "DSTRBTN_WGHTD_DSPLY": 0,
        "SUM_STOR_CNT": 5552,
        "SUM_SLS_UNITS": 6.33,
        "SUM_SLS_VAL_LCLCCY_AMT": 7.31,
        "SUM_SLS_VOL": 6.33,
        "SUM_TOT_DSTRBTN_PTS": 39,
        "DISTR_WTD_VOL": 0.009989528
    },
    {
        "SOURCE": "EDW",
        "CHANNEL": "FR ENSEIGNES HMSM",
        "GRANULARITY": "WEEK",
        "HIERARCHY": "ITEM",
        "WEEK": "10\/27\/2019",
        "MARKET": "FRANCE",
        "GEO_LEVEL": "FRANCE",
        "GEO_UNIT": "FRANCE",
        "BRAND": "Soda",
        "SUB_BRAND": "Soda",
        "MANUFACTURER": "TSC",
        "CATEGORY": "BEVERAGES",
        "SUB_CATEGORY": "BEVERAGES",
        "SEGMENT": "CONCENTRATES",
        "SUB_SEGMENT": "LIQUID",
        "ITEM_ID": "P000000000000798386000000000000024251822~FR",
        "MULTIPACK_QTY_VAL": "X1",
        "PACKAGE_TYPE": "PLASTIC BOTTLE",
        "DSTRBTN_NUMRC": 11,
        "DSTRBTN_WGHTD": 24,
        "DSTRBTN_WGHTD_ANY_PROMO": 1,
        "DSTRBTN_WGHTD_DSPLY": 1,
        "SUM_STOR_CNT": 5587,
        "SUM_SLS_UNITS": 0.82,
        "SUM_SLS_VAL_LCLCCY_AMT": 4.09,
        "SUM_SLS_VOL": 0.41,
        "SUM_TOT_DSTRBTN_PTS": 24,
        "DISTR_WTD_VOL": 0.000522916
    },
    {
        "SOURCE": "EDW",
        "CHANNEL": "FR ENSEIGNES HMSM",
        "GRANULARITY": "WEEK",
        "HIERARCHY": "ITEM",
        "WEEK": "09\/13\/2020",
        "MARKET": "FRANCE",
        "GEO_LEVEL": "FRANCE",
        "GEO_UNIT": "FRANCE",
        "BRAND": "Tea",
        "SUB_BRAND": "Tea",
        "MANUFACTURER": "TSC",
        "CATEGORY": "BEVERAGES",
        "SUB_CATEGORY": "BEVERAGES",
        "SEGMENT": "RTD TEA",
        "SUB_SEGMENT": "SHELF STABLE TEA",
        "ITEM_ID": "P000000000000841497000000000000049686403~FR",
        "MULTIPACK_QTY_VAL": "X1",
        "PACKAGE_TYPE": "PLASTIC BOTTLE",
        "DSTRBTN_NUMRC": 33,
        "DSTRBTN_WGHTD": 46,
        "DSTRBTN_WGHTD_ANY_PROMO": 2,
        "DSTRBTN_WGHTD_DSPLY": 2,
        "SUM_STOR_CNT": 5560,
        "SUM_SLS_UNITS": 4.66,
        "SUM_SLS_VAL_LCLCCY_AMT": 9.16,
        "SUM_SLS_VOL": 4.66,
        "SUM_TOT_DSTRBTN_PTS": 46,
        "DISTR_WTD_VOL": 0.00954404
    },
    {
        "SOURCE": "EDW",
        "CHANNEL": "FR ENSEIGNES HMSM",
        "GRANULARITY": "WEEK",
        "HIERARCHY": "ITEM",
        "WEEK": "10\/10\/2021",
        "MARKET": "FRANCE",
        "GEO_LEVEL": "FRANCE",
        "GEO_UNIT": "FRANCE",
        "BRAND": "Tea",
        "SUB_BRAND": "Tea",
        "MANUFACTURER": "TSC",
        "CATEGORY": "BEVERAGES",
        "SUB_CATEGORY": "BEVERAGES",
        "SEGMENT": "RTD TEA",
        "SUB_SEGMENT": "SHELF STABLE TEA",
        "ITEM_ID": "P000000000000841497000000000000002301807~FR",
        "MULTIPACK_QTY_VAL": "X1",
        "PACKAGE_TYPE": "CAN",
        "DSTRBTN_NUMRC": 0,
        "DSTRBTN_WGHTD": 0,
        "DSTRBTN_WGHTD_ANY_PROMO": 0,
        "DSTRBTN_WGHTD_DSPLY": 0,
        "SUM_STOR_CNT": 5543,
        "SUM_SLS_UNITS": 0.01,
        "SUM_SLS_VAL_LCLCCY_AMT": 0,
        "SUM_SLS_VOL": 0,
        "SUM_TOT_DSTRBTN_PTS": 0,
        "DISTR_WTD_VOL": 0
    },
    {
        "SOURCE": "EDW",
        "CHANNEL": "FR ENSEIGNES HMSM",
        "GRANULARITY": "WEEK",
        "HIERARCHY": "ITEM",
        "WEEK": "03\/08\/2020",
        "MARKET": "FRANCE",
        "GEO_LEVEL": "FRANCE",
        "GEO_UNIT": "FRANCE",
        "BRAND": "Tea",
        "SUB_BRAND": "Tea",
        "MANUFACTURER": "TSC",
        "CATEGORY": "BEVERAGES",
        "SUB_CATEGORY": "BEVERAGES",
        "SEGMENT": "RTD TEA",
        "SUB_SEGMENT": "SHELF STABLE TEA",
        "ITEM_ID": "P000000000000841497000000000000041365739~FR",
        "MULTIPACK_QTY_VAL": "X1",
        "PACKAGE_TYPE": "PLASTIC BOTTLE",
        "DSTRBTN_NUMRC": 36,
        "DSTRBTN_WGHTD": 61,
        "DSTRBTN_WGHTD_ANY_PROMO": 11,
        "DSTRBTN_WGHTD_DSPLY": 0,
        "DSTRBTN_WTD_FEATR": 10,
        "DSTRBTN_WGHTD_FEATR_AND_DSPLY": 0,
        "SUM_STOR_CNT": 5558,
        "SUM_SLS_UNITS": 10.97,
        "SUM_SLS_VAL_LCLCCY_AMT": 15.65,
        "SUM_SLS_VOL": 10.97,
        "SUM_TOT_DSTRBTN_PTS": 61,
        "DISTR_WTD_VOL": 0.316909379
    },
    {
        "SOURCE": "EDW",
        "CHANNEL": "FR ENSEIGNES HMSM",
        "GRANULARITY": "WEEK",
        "HIERARCHY": "ITEM",
        "WEEK": "09\/22\/2019",
        "MARKET": "FRANCE",
        "GEO_LEVEL": "FRANCE",
        "GEO_UNIT": "FRANCE",
        "BRAND": "Tea",
        "SUB_BRAND": "Tea",
        "MANUFACTURER": "TSC",
        "CATEGORY": "BEVERAGES",
        "SUB_CATEGORY": "BEVERAGES",
        "SEGMENT": "RTD TEA",
        "SUB_SEGMENT": "SHELF STABLE TEA",
        "ITEM_ID": "P000000000000841497000000000000026644415~FR",
        "MULTIPACK_QTY_VAL": "X1",
        "PACKAGE_TYPE": "PLASTIC BOTTLE",
        "DSTRBTN_NUMRC": 0,
        "DSTRBTN_WGHTD": 0,
        "DSTRBTN_WGHTD_ANY_PROMO": 0,
        "DSTRBTN_WGHTD_DSPLY": 0,
        "SUM_STOR_CNT": 5583,
        "SUM_TOT_DSTRBTN_PTS": 0
    },
    {
        "SOURCE": "EDW",
        "CHANNEL": "FR ENSEIGNES HMSM",
        "GRANULARITY": "WEEK",
        "HIERARCHY": "ITEM",
        "WEEK": "09\/13\/2020",
        "MARKET": "FRANCE",
        "GEO_LEVEL": "FRANCE",
        "GEO_UNIT": "FRANCE",
        "BRAND": "Tea",
        "SUB_BRAND": "Tea",
        "MANUFACTURER": "TSC",
        "CATEGORY": "BEVERAGES",
        "SUB_CATEGORY": "BEVERAGES",
        "SEGMENT": "RTD TEA",
        "SUB_SEGMENT": "SHELF STABLE TEA",
        "ITEM_ID": "P000000000000841497000000000000000220331~FR",
        "MULTIPACK_QTY_VAL": "X6",
        "PACKAGE_TYPE": "CAN",
        "DSTRBTN_NUMRC": 31,
        "DSTRBTN_WGHTD": 56,
        "DSTRBTN_WGHTD_ANY_PROMO": 0,
        "DSTRBTN_WGHTD_DSPLY": 0,
        "SUM_STOR_CNT": 5560,
        "SUM_SLS_UNITS": 15.47,
        "SUM_SLS_VAL_LCLCCY_AMT": 42.86,
        "SUM_SLS_VOL": 30.64,
        "SUM_TOT_DSTRBTN_PTS": 56,
        "DISTR_WTD_VOL": 0.076395063
    },
    {
        "SOURCE": "EDW",
        "CHANNEL": "FR ENSEIGNES HMSM",
        "GRANULARITY": "WEEK",
        "HIERARCHY": "ITEM",
        "WEEK": "09\/13\/2020",
        "MARKET": "FRANCE",
        "GEO_LEVEL": "FRANCE",
        "GEO_UNIT": "FRANCE",
        "BRAND": "Juice",
        "SUB_BRAND": "Juice",
        "MANUFACTURER": "TSC",
        "CATEGORY": "BEVERAGES",
        "SUB_CATEGORY": "BEVERAGES",
        "SEGMENT": "JUICES & STILL FLAVOURED DRINKS",
        "SUB_SEGMENT": "SHELF STABLE JUICES",
        "ITEM_ID": "P000000000000841518000000000000009066311~FR",
        "MULTIPACK_QTY_VAL": "X1",
        "PACKAGE_TYPE": "GLASS BOTTLE",
        "DSTRBTN_NUMRC": 0,
        "DSTRBTN_WGHTD": 0,
        "DSTRBTN_WGHTD_ANY_PROMO": 0,
        "DSTRBTN_WGHTD_DSPLY": 0,
        "SUM_STOR_CNT": 5560,
        "SUM_SLS_UNITS": 0.01,
        "SUM_SLS_VAL_LCLCCY_AMT": 0.01,
        "SUM_SLS_VOL": 0,
        "SUM_TOT_DSTRBTN_PTS": 0,
        "DISTR_WTD_VOL": 0
    },
    {
        "SOURCE": "EDW",
        "CHANNEL": "FR ENSEIGNES HMSM",
        "GRANULARITY": "WEEK",
        "HIERARCHY": "ITEM",
        "WEEK": "09\/22\/2019",
        "MARKET": "FRANCE",
        "GEO_LEVEL": "FRANCE",
        "GEO_UNIT": "FRANCE",
        "BRAND": "Soda",
        "SUB_BRAND": "Soda",
        "MANUFACTURER": "TSC",
        "CATEGORY": "BEVERAGES",
        "SUB_CATEGORY": "BEVERAGES",
        "SEGMENT": "CARBONATED SOFT DRINKS",
        "SUB_SEGMENT": "LEMON \/ LIME",
        "ITEM_ID": "P000000000000837343000000000000024953922~FR",
        "MULTIPACK_QTY_VAL": "X1",
        "PACKAGE_TYPE": "PLASTIC BOTTLE",
        "DSTRBTN_NUMRC": 61,
        "DSTRBTN_WGHTD": 75,
        "DSTRBTN_WGHTD_ANY_PROMO": 1,
        "DSTRBTN_WGHTD_DSPLY": 1,
        "SUM_STOR_CNT": 5583,
        "SUM_SLS_UNITS": 17.21,
        "SUM_SLS_VAL_LCLCCY_AMT": 24.77,
        "SUM_SLS_VOL": 25.82,
        "SUM_TOT_DSTRBTN_PTS": 75,
        "DISTR_WTD_VOL": 0.091467908
    },
    {
        "SOURCE": "EDW",
        "CHANNEL": "FR ENSEIGNES HMSM",
        "GRANULARITY": "WEEK",
        "HIERARCHY": "ITEM",
        "WEEK": "09\/27\/2020",
        "MARKET": "FRANCE",
        "GEO_LEVEL": "FRANCE",
        "GEO_UNIT": "FRANCE",
        "BRAND": "Soda",
        "SUB_BRAND": "Soda",
        "MANUFACTURER": "TSC",
        "CATEGORY": "BEVERAGES",
        "SUB_CATEGORY": "BEVERAGES",
        "SEGMENT": "CONCENTRATES",
        "SUB_SEGMENT": "LIQUID",
        "ITEM_ID": "P000000000000798386000000000000059755937~FR",
        "MULTIPACK_QTY_VAL": "X1",
        "PACKAGE_TYPE": "PLASTIC BOTTLE",
        "DSTRBTN_NUMRC": 20,
        "DSTRBTN_WGHTD": 35,
        "DSTRBTN_WGHTD_ANY_PROMO": 3,
        "DSTRBTN_WGHTD_DSPLY": 3,
        "SUM_STOR_CNT": 5558,
        "SUM_SLS_UNITS": 3.79,
        "SUM_SLS_VAL_LCLCCY_AMT": 21.92,
        "SUM_SLS_VOL": 1.67,
        "SUM_TOT_DSTRBTN_PTS": 35,
        "DISTR_WTD_VOL": 0.002641868
    },
    {
        "SOURCE": "EDW",
        "CHANNEL": "FR ENSEIGNES HMSM",
        "GRANULARITY": "WEEK",
        "HIERARCHY": "ITEM",
        "WEEK": "10\/31\/2021",
        "MARKET": "FRANCE",
        "GEO_LEVEL": "FRANCE",
        "GEO_UNIT": "FRANCE",
        "BRAND": "Soda",
        "SUB_BRAND": "Soda",
        "MANUFACTURER": "TSC",
        "CATEGORY": "BEVERAGES",
        "SUB_CATEGORY": "BEVERAGES",
        "SEGMENT": "CARBONATED SOFT DRINKS",
        "SUB_SEGMENT": "LEMON \/ LIME",
        "ITEM_ID": "P000000000000837343000000000000022086297~FR",
        "MULTIPACK_QTY_VAL": "X1",
        "PACKAGE_TYPE": "CAN",
        "DSTRBTN_NUMRC": 6,
        "DSTRBTN_WGHTD": 15,
        "DSTRBTN_WGHTD_ANY_PROMO": 0,
        "DSTRBTN_WGHTD_DSPLY": 0,
        "SUM_STOR_CNT": 5547,
        "SUM_SLS_UNITS": 0.95,
        "SUM_SLS_VAL_LCLCCY_AMT": 0.5,
        "SUM_SLS_VOL": 0.31,
        "SUM_TOT_DSTRBTN_PTS": 15,
        "DISTR_WTD_VOL": 0.000213306
    },
    {
        "SOURCE": "EDW",
        "CHANNEL": "FR ENSEIGNES HMSM",
        "GRANULARITY": "WEEK",
        "HIERARCHY": "ITEM",
        "WEEK": "05\/30\/2021",
        "MARKET": "FRANCE",
        "GEO_LEVEL": "FRANCE",
        "GEO_UNIT": "FRANCE",
        "BRAND": "Tea",
        "SUB_BRAND": "Tea",
        "MANUFACTURER": "TSC",
        "CATEGORY": "BEVERAGES",
        "SUB_CATEGORY": "BEVERAGES",
        "SEGMENT": "RTD TEA",
        "SUB_SEGMENT": "SHELF STABLE TEA",
        "ITEM_ID": "P000000000000841497000000000000049686403~FR",
        "MULTIPACK_QTY_VAL": "X1",
        "PACKAGE_TYPE": "PLASTIC BOTTLE",
        "DSTRBTN_NUMRC": 10,
        "DSTRBTN_WGHTD": 14,
        "DSTRBTN_WGHTD_ANY_PROMO": 3,
        "DSTRBTN_WGHTD_DSPLY": 0,
        "DSTRBTN_WTD_FEATR": 1,
        "SUM_STOR_CNT": 5546,
        "SUM_SLS_UNITS": 1.17,
        "SUM_SLS_VAL_LCLCCY_AMT": 2.09,
        "SUM_SLS_VOL": 1.17,
        "SUM_TOT_DSTRBTN_PTS": 14,
        "DISTR_WTD_VOL": 0.000754243
    },
    {
        "SOURCE": "EDW",
        "CHANNEL": "FR ENSEIGNES HMSM",
        "GRANULARITY": "WEEK",
        "HIERARCHY": "ITEM",
        "WEEK": "09\/13\/2020",
        "MARKET": "FRANCE",
        "GEO_LEVEL": "FRANCE",
        "GEO_UNIT": "FRANCE",
        "BRAND": "Soda",
        "SUB_BRAND": "Soda",
        "MANUFACTURER": "TSC",
        "CATEGORY": "BEVERAGES",
        "SUB_CATEGORY": "BEVERAGES",
        "SEGMENT": "CARBONATED SOFT DRINKS",
        "SUB_SEGMENT": "COLA",
        "ITEM_ID": "P000000000000837343000000000000007936076~FR",
        "MULTIPACK_QTY_VAL": "X1",
        "PACKAGE_TYPE": "PLASTIC BOTTLE",
        "DSTRBTN_NUMRC": 31,
        "DSTRBTN_WGHTD": 34,
        "DSTRBTN_WGHTD_ANY_PROMO": 0,
        "DSTRBTN_WGHTD_DSPLY": 0,
        "SUM_STOR_CNT": 5560,
        "SUM_SLS_UNITS": 15.53,
        "SUM_SLS_VAL_LCLCCY_AMT": 16.49,
        "SUM_SLS_VOL": 15.53,
        "SUM_TOT_DSTRBTN_PTS": 34,
        "DISTR_WTD_VOL": 1.16909111
    },
    {
        "SOURCE": "EDW",
        "CHANNEL": "FR ENSEIGNES HMSM",
        "GRANULARITY": "WEEK",
        "HIERARCHY": "ITEM",
        "WEEK": "09\/12\/2021",
        "MARKET": "FRANCE",
        "GEO_LEVEL": "FRANCE",
        "GEO_UNIT": "FRANCE",
        "BRAND": "Tea",
        "SUB_BRAND": "Tea",
        "MANUFACTURER": "TSC",
        "CATEGORY": "BEVERAGES",
        "SUB_CATEGORY": "BEVERAGES",
        "SEGMENT": "RTD TEA",
        "SUB_SEGMENT": "SHELF STABLE TEA",
        "ITEM_ID": "P000000000000841497000000000000039965023~FR",
        "MULTIPACK_QTY_VAL": "X6",
        "PACKAGE_TYPE": "PLASTIC BOTTLE",
        "DSTRBTN_NUMRC": 0,
        "DSTRBTN_WGHTD": 0,
        "DSTRBTN_WGHTD_ANY_PROMO": 0,
        "DSTRBTN_WGHTD_DSPLY": 0,
        "SUM_STOR_CNT": 5539,
        "SUM_SLS_UNITS": 0.03,
        "SUM_SLS_VAL_LCLCCY_AMT": 0.23,
        "SUM_SLS_VOL": 0.29,
        "SUM_TOT_DSTRBTN_PTS": 0,
        "DISTR_WTD_VOL": 0
    },
    {
        "SOURCE": "EDW",
        "CHANNEL": "FR ENSEIGNES HMSM",
        "GRANULARITY": "WEEK",
        "HIERARCHY": "ITEM",
        "WEEK": "03\/01\/2020",
        "MARKET": "FRANCE",
        "GEO_LEVEL": "FRANCE",
        "GEO_UNIT": "FRANCE",
        "BRAND": "Tea",
        "SUB_BRAND": "Tea",
        "MANUFACTURER": "TSC",
        "CATEGORY": "BEVERAGES",
        "SUB_CATEGORY": "BEVERAGES",
        "SEGMENT": "RTD TEA",
        "SUB_SEGMENT": "SHELF STABLE TEA",
        "ITEM_ID": "P000000000000841497000000000000034873672~FR",
        "MULTIPACK_QTY_VAL": "X1",
        "PACKAGE_TYPE": "PLASTIC BOTTLE",
        "DSTRBTN_NUMRC": 14,
        "DSTRBTN_WGHTD": 29,
        "DSTRBTN_WGHTD_ANY_PROMO": 0,
        "DSTRBTN_WGHTD_DSPLY": 0,
        "SUM_STOR_CNT": 5564,
        "SUM_SLS_UNITS": 3.2,
        "SUM_SLS_VAL_LCLCCY_AMT": 6.07,
        "SUM_SLS_VOL": 4.8,
        "SUM_TOT_DSTRBTN_PTS": 29,
        "DISTR_WTD_VOL": 0.078009415
    },
    {
        "SOURCE": "EDW",
        "CHANNEL": "FR ENSEIGNES HMSM",
        "GRANULARITY": "WEEK",
        "HIERARCHY": "ITEM",
        "WEEK": "02\/02\/2020",
        "MARKET": "FRANCE",
        "GEO_LEVEL": "FRANCE",
        "GEO_UNIT": "FRANCE",
        "BRAND": "Soda",
        "SUB_BRAND": "Soda",
        "MANUFACTURER": "TSC",
        "CATEGORY": "BEVERAGES",
        "SUB_CATEGORY": "BEVERAGES",
        "SEGMENT": "SPORTS DRINKS",
        "SUB_SEGMENT": "SPORTS DRINKS",
        "ITEM_ID": "P000000000000837360000000000000041097544~FR",
        "MULTIPACK_QTY_VAL": "X1",
        "PACKAGE_TYPE": "PLASTIC BOTTLE",
        "DSTRBTN_NUMRC": 0,
        "DSTRBTN_WGHTD": 0,
        "DSTRBTN_WGHTD_ANY_PROMO": 0,
        "DSTRBTN_WGHTD_DSPLY": 0,
        "SUM_STOR_CNT": 5570,
        "SUM_SLS_UNITS": 0,
        "SUM_SLS_VAL_LCLCCY_AMT": 0.01,
        "SUM_SLS_VOL": 0,
        "SUM_TOT_DSTRBTN_PTS": 0,
        "DISTR_WTD_VOL": 0
    },
    {
        "SOURCE": "EDW",
        "CHANNEL": "FR ENSEIGNES HMSM",
        "GRANULARITY": "WEEK",
        "HIERARCHY": "ITEM",
        "WEEK": "09\/19\/2021",
        "MARKET": "FRANCE",
        "GEO_LEVEL": "FRANCE",
        "GEO_UNIT": "FRANCE",
        "BRAND": "Soda",
        "SUB_BRAND": "Soda",
        "MANUFACTURER": "TSC",
        "CATEGORY": "BEVERAGES",
        "SUB_CATEGORY": "BEVERAGES",
        "SEGMENT": "CARBONATED SOFT DRINKS",
        "SUB_SEGMENT": "LEMON \/ LIME",
        "ITEM_ID": "P000000000000837343000000000000036599664~FR",
        "MULTIPACK_QTY_VAL": "X1",
        "PACKAGE_TYPE": "CAN",
        "DSTRBTN_NUMRC": 42,
        "DSTRBTN_WGHTD": 54,
        "DSTRBTN_WGHTD_ANY_PROMO": 0,
        "DSTRBTN_WGHTD_DSPLY": 0,
        "SUM_STOR_CNT": 5539,
        "SUM_SLS_UNITS": 9.88,
        "SUM_SLS_VAL_LCLCCY_AMT": 5.98,
        "SUM_SLS_VOL": 3.26,
        "SUM_TOT_DSTRBTN_PTS": 54,
        "DISTR_WTD_VOL": 0.007879147
    },
    {
        "SOURCE": "EDW",
        "CHANNEL": "FR ENSEIGNES HMSM",
        "GRANULARITY": "WEEK",
        "HIERARCHY": "ITEM",
        "WEEK": "10\/24\/2021",
        "MARKET": "FRANCE",
        "GEO_LEVEL": "FRANCE",
        "GEO_UNIT": "FRANCE",
        "BRAND": "Soda",
        "SUB_BRAND": "Soda",
        "MANUFACTURER": "TSC",
        "CATEGORY": "BEVERAGES",
        "SUB_CATEGORY": "BEVERAGES",
        "SEGMENT": "CARBONATED SOFT DRINKS",
        "SUB_SEGMENT": "LEMON \/ LIME",
        "ITEM_ID": "P000000000000837343000000000000049969198~FR",
        "MULTIPACK_QTY_VAL": "X1",
        "PACKAGE_TYPE": "PLASTIC BOTTLE",
        "DSTRBTN_NUMRC": 0,
        "DSTRBTN_WGHTD": 0,
        "DSTRBTN_WGHTD_ANY_PROMO": 0,
        "DSTRBTN_WGHTD_DSPLY": 0,
        "SUM_STOR_CNT": 5547,
        "SUM_SLS_UNITS": 0,
        "SUM_SLS_VAL_LCLCCY_AMT": 0,
        "SUM_SLS_VOL": 0,
        "SUM_TOT_DSTRBTN_PTS": 0,
        "DISTR_WTD_VOL": 0
    },
    {
        "SOURCE": "EDW",
        "CHANNEL": "FR ENSEIGNES HMSM",
        "GRANULARITY": "WEEK",
        "HIERARCHY": "ITEM",
        "WEEK": "10\/24\/2021",
        "MARKET": "FRANCE",
        "GEO_LEVEL": "FRANCE",
        "GEO_UNIT": "FRANCE",
        "BRAND": "Soda",
        "SUB_BRAND": "Soda",
        "MANUFACTURER": "TSC",
        "CATEGORY": "BEVERAGES",
        "SUB_CATEGORY": "BEVERAGES",
        "SEGMENT": "CONCENTRATES",
        "SUB_SEGMENT": "LIQUID",
        "ITEM_ID": "P000000000000798386000000000000005934253~FR",
        "MULTIPACK_QTY_VAL": "X1",
        "PACKAGE_TYPE": "GLASS BOTTLE",
        "DSTRBTN_NUMRC": 0,
        "DSTRBTN_WGHTD": 0,
        "DSTRBTN_WGHTD_ANY_PROMO": 0,
        "DSTRBTN_WGHTD_DSPLY": 0,
        "SUM_STOR_CNT": 5547,
        "SUM_SLS_UNITS": 0.01,
        "SUM_SLS_VAL_LCLCCY_AMT": 0.14,
        "SUM_SLS_VOL": 0.04,
        "SUM_TOT_DSTRBTN_PTS": 0,
        "DISTR_WTD_VOL": 0
    },
    {
        "SOURCE": "EDW",
        "CHANNEL": "FR ENSEIGNES HMSM",
        "GRANULARITY": "WEEK",
        "HIERARCHY": "ITEM",
        "WEEK": "03\/15\/2020",
        "MARKET": "FRANCE",
        "GEO_LEVEL": "FRANCE",
        "GEO_UNIT": "FRANCE",
        "BRAND": "Soda",
        "SUB_BRAND": "Soda",
        "MANUFACTURER": "TSC",
        "CATEGORY": "BEVERAGES",
        "SUB_CATEGORY": "BEVERAGES",
        "SEGMENT": "CARBONATED SOFT DRINKS",
        "SUB_SEGMENT": "OTHER FLAVOURS",
        "ITEM_ID": "P000000000000837343000000000000010908101~FR",
        "MULTIPACK_QTY_VAL": "X1",
        "PACKAGE_TYPE": "PLASTIC BOTTLE",
        "DSTRBTN_NUMRC": 7,
        "DSTRBTN_WGHTD": 16,
        "DSTRBTN_WGHTD_ANY_PROMO": 0,
        "DSTRBTN_WGHTD_DSPLY": 0,
        "SUM_STOR_CNT": 5559,
        "SUM_SLS_UNITS": 2.67,
        "SUM_SLS_VAL_LCLCCY_AMT": 5.03,
        "SUM_SLS_VOL": 5.33,
        "SUM_TOT_DSTRBTN_PTS": 16,
        "DISTR_WTD_VOL": 0.003935899
    },
    {
        "SOURCE": "EDW",
        "CHANNEL": "FR ENSEIGNES HMSM",
        "GRANULARITY": "WEEK",
        "HIERARCHY": "ITEM",
        "WEEK": "03\/15\/2020",
        "MARKET": "FRANCE",
        "GEO_LEVEL": "FRANCE",
        "GEO_UNIT": "FRANCE",
        "BRAND": "Soda",
        "SUB_BRAND": "Soda",
        "MANUFACTURER": "TSC",
        "CATEGORY": "BEVERAGES",
        "SUB_CATEGORY": "BEVERAGES",
        "SEGMENT": "CARBONATED SOFT DRINKS",
        "SUB_SEGMENT": "OTHER FLAVOURS",
        "ITEM_ID": "P000000000000837343000000000000010908101~FR",
        "MULTIPACK_QTY_VAL": "X1",
        "PACKAGE_TYPE": "PLASTIC BOTTLE",
        "DSTRBTN_NUMRC": 7,
        "DSTRBTN_WGHTD": 16,
        "DSTRBTN_WGHTD_ANY_PROMO": 0,
        "DSTRBTN_WGHTD_DSPLY": 0,
        "SUM_STOR_CNT": 5559,
        "SUM_SLS_UNITS": 2.67,
        "SUM_SLS_VAL_LCLCCY_AMT": 5.03,
        "SUM_SLS_VOL": 5.33,
        "SUM_TOT_DSTRBTN_PTS": 16,
        "DISTR_WTD_VOL": 0.003935899
    }
]